,일자,코로나 일일확진자(명),코로나전일대비(명),환율(원),환율전일대비(원),"유가,WTI(달러)",유가전일대비(달러),"미국,S&P 500",미국 등락률(%)
0,2020-11-20,348.0,23.0,1117.0,,42.15,,3581.87,0.39
1,2020-11-21,386.0,38.0,,,,,,
2,2020-11-22,330.0,-56.0,,,,,,
3,2020-11-23,271.0,-59.0,1112.0,-5.0,43.06,0.9100000000000037,3557.54,-0.68
4,2020-11-24,349.0,78.0,1110.0,-2.0,44.91,1.8499999999999943,3577.59,0.56
5,2020-11-25,382.0,33.0,1107.0,-3.0,45.71,0.8000000000000043,3635.41,1.62
6,2020-11-26,581.0,199.0,1107.5,0.5,,,,
7,2020-11-27,555.0,-26.0,1105.0,-2.5,45.53,-0.17999999999999972,3629.65,-0.16
8,2020-11-28,503.0,-52.0,,,,,,
9,2020-11-29,450.0,-53.0,,,,,,
10,2020-11-30,438.0,-12.0,1107.5,2.5,45.34,-0.18999999999999773,3638.35,0.24
11,2020-12-01,451.0,13.0,1108.5,1.0,44.55,-0.7900000000000063,3621.63,-0.46
12,2020-12-02,511.0,60.0,1103.0,-5.5,45.28,0.730000000000004,3662.45,1.13
13,2020-12-03,540.0,29.0,1094.0,-9.0,45.64,0.35999999999999943,3669.01,0.18
14,2020-12-04,628.0,88.0,1086.0,-8.0,46.26,0.6199999999999974,3666.72,-0.06
15,2020-12-05,577.0,-51.0,,,,,,
16,2020-12-06,631.0,54.0,,,,,,
17,2020-12-07,615.0,-16.0,1086.5,0.5,45.76,-0.5,3699.12,0.88
18,2020-12-08,587.0,-28.0,1085.5,-1.0,45.6,-0.1599999999999966,3691.96,-0.19
19,2020-12-09,670.0,83.0,1085.0,-0.5,45.52,-0.0799999999999983,3702.25,0.28
20,2020-12-10,680.0,10.0,1088.5,3.5,46.78,1.259999999999998,3672.82,-0.79
21,2020-12-11,689.0,9.0,1092.0,3.5,46.57,-0.21000000000000085,3668.1,-0.13
22,2020-12-12,950.0,261.0,,,,,,
23,2020-12-13,1030.0,80.0,,,,,,
24,2020-12-14,718.0,-312.0,1092.5,0.5,46.99,0.4200000000000017,3663.46,-0.13
25,2020-12-15,880.0,162.0,1094.5,2.0,47.62,0.6299999999999955,3647.49,-0.44
26,2020-12-16,1078.0,198.0,1091.0,-3.5,47.82,0.20000000000000284,3694.62,1.29
27,2020-12-17,1014.0,-64.0,1094.0,3.0,48.36,0.5399999999999991,3701.17,0.18
28,2020-12-18,1064.0,50.0,1099.5,5.5,49.1,0.740000000000002,3722.48,0.58
29,2020-12-19,1045.0,-19.0,,,,,,
30,2020-12-20,1096.0,51.0,,,,,,
31,2020-12-21,924.0,-172.0,1109.0,9.5,47.74,-1.3599999999999994,3709.41,-0.35
32,2020-12-22,866.0,-58.0,1106.5,-2.5,47.02,-0.7199999999999989,3694.92,-0.39
33,2020-12-23,1090.0,224.0,1107.5,1.0,48.12,1.0999999999999943,3687.26,-0.21
34,2020-12-24,985.0,-105.0,1103.5,-4.0,48.23,0.10999999999999943,3690.01,0.07
35,2020-12-25,1240.0,255.0,,,,,,
36,2020-12-26,1131.0,-109.0,,,,,,
37,2020-12-27,970.0,-161.0,,,,,,
38,2020-12-28,806.0,-164.0,1096.5,-7.0,47.62,-0.6099999999999994,3703.06,0.35
39,2020-12-29,1044.0,238.0,1093.5,-3.0,48.0,0.38000000000000256,3735.36,0.87
40,2020-12-30,1050.0,6.0,1087.5,-6.0,48.4,0.3999999999999986,3727.04,-0.22
41,2020-12-31,967.0,-83.0,1088.0,0.5,48.52,0.12000000000000455,3732.04,0.13
42,2021-01-01,1027.0,60.0,,,,,,
43,2021-01-02,820.0,-207.0,,,,,,
44,2021-01-03,657.0,-163.0,,,,,,
45,2021-01-04,1020.0,363.0,1082.5,-5.5,47.62,-0.9000000000000057,3756.07,0.64
46,2021-01-05,714.0,-306.0,1089.0,6.5,49.93,2.3100000000000023,3700.65,-1.48
47,2021-01-06,838.0,124.0,1086.5,-2.5,50.63,0.7000000000000028,3726.86,0.71
48,2021-01-07,869.0,31.0,1092.0,5.5,50.83,0.19999999999999574,3748.14,0.57
49,2021-01-08,674.0,-195.0,1092.0,0.0,52.24,1.4100000000000037,3803.79,1.48
50,2021-01-09,641.0,-33.0,,,,,,
51,2021-01-10,657.0,16.0,,,,,,
52,2021-01-11,451.0,-206.0,1098.0,6.0,52.25,0.00999999999999801,3824.68,0.55
53,2021-01-12,537.0,86.0,1099.0,1.0,53.21,0.9600000000000009,3799.61,-0.66
54,2021-01-13,561.0,24.0,1097.0,-2.0,52.91,-0.30000000000000426,3801.19,0.04
55,2021-01-14,524.0,-37.0,1096.0,-1.0,53.57,0.6600000000000037,3809.84,0.23
56,2021-01-15,512.0,-12.0,1103.5,7.5,52.36,-1.2100000000000009,3795.54,-0.38
57,2021-01-16,580.0,68.0,,,,,,
58,2021-01-17,520.0,-60.0,,,,,,
59,2021-01-18,389.0,-131.0,1107.0,3.5,,,,
60,2021-01-19,386.0,-3.0,1102.5,-4.5,52.98,0.6199999999999974,3768.25,-0.72
61,2021-01-20,404.0,18.0,1101.5,-1.0,53.24,0.2600000000000051,3798.91,0.81
62,2021-01-21,400.0,-4.0,1101.0,-0.5,53.13,-0.10999999999999943,3851.85,1.39
63,2021-01-22,346.0,-54.0,1105.0,4.0,52.27,-0.8599999999999994,3853.07,0.03
64,2021-01-23,431.0,85.0,,,,,,
65,2021-01-24,392.0,-39.0,,,,,,
66,2021-01-25,437.0,45.0,1102.5,-2.5,52.77,0.5,3841.47,-0.3
67,2021-01-26,349.0,-88.0,1105.5,3.0,52.61,-0.1600000000000037,3855.36,0.36
68,2021-01-27,559.0,210.0,1105.0,-0.5,52.85,0.240000000000002,3849.62,-0.15
69,2021-01-28,497.0,-62.0,1118.0,13.0,52.34,-0.509999999999998,3750.77,-2.57
70,2021-01-29,469.0,-28.0,1117.5,-0.5,52.2,-0.14000000000000057,3787.38,0.98
71,2021-01-30,456.0,-13.0,,,,,,
72,2021-01-31,354.0,-102.0,,,,,,
73,2021-02-01,305.0,-49.0,1119.5,2.0,53.55,1.3499999999999943,3714.24,-1.93
74,2021-02-02,336.0,31.0,1116.0,-3.5,54.76,1.2100000000000009,3773.86,1.61
75,2021-02-03,467.0,131.0,1116.0,0.0,55.69,0.9299999999999997,3826.31,1.39
76,2021-02-04,451.0,-16.0,1118.5,2.5,56.23,0.5399999999999991,3830.17,0.1
77,2021-02-05,370.0,-81.0,1123.5,5.0,56.85,0.6200000000000045,3871.74,1.09
78,2021-02-06,390.0,20.0,,,,,,
79,2021-02-07,371.0,-19.0,,,,,,
80,2021-02-08,288.0,-83.0,1121.0,-2.5,57.97,1.1199999999999974,3886.83,0.39
81,2021-02-09,303.0,15.0,1113.5,-7.5,58.36,0.39000000000000057,3915.59,0.74
82,2021-02-10,444.0,141.0,1107.0,-6.5,58.68,0.3200000000000003,3911.23,-0.11
83,2021-02-11,504.0,60.0,,,58.24,-0.4399999999999977,3909.88,-0.03
84,2021-02-12,403.0,-101.0,,,59.47,1.2299999999999969,3916.38,0.17
85,2021-02-13,362.0,-41.0,,,,,,
86,2021-02-14,326.0,-36.0,,,,,,
87,2021-02-15,343.0,17.0,1102.5,-4.5,,,,
88,2021-02-16,457.0,114.0,1102.0,-0.5,60.05,0.5799999999999983,3934.83,0.47
89,2021-02-17,621.0,164.0,1107.5,5.5,61.14,1.0900000000000034,3932.59,-0.06
90,2021-02-18,621.0,0.0,1107.0,-0.5,60.52,-0.6199999999999974,3931.33,-0.03
91,2021-02-19,561.0,-60.0,1106.5,-0.5,59.24,-1.2800000000000011,3913.97,-0.44
92,2021-02-20,448.0,-113.0,,,,,,
93,2021-02-21,416.0,-32.0,,,,,,
94,2021-02-22,332.0,-84.0,1112.0,5.5,61.49,2.25,3906.71,-0.19
95,2021-02-23,356.0,24.0,1112.0,0.0,61.67,0.17999999999999972,3876.5,-0.77
96,2021-02-24,440.0,84.0,1109.0,-3.0,63.22,1.5499999999999972,3881.37,0.13
97,2021-02-25,395.0,-45.0,1109.0,0.0,63.53,0.3100000000000023,3925.43,1.14
98,2021-02-26,387.0,-8.0,1126.0,17.0,61.5,-2.030000000000001,3829.34,-2.45
99,2021-02-27,415.0,28.0,,,,,,
100,2021-02-28,355.0,-60.0,,,,,,
101,2021-03-01,355.0,0.0,,,60.64,-0.8599999999999994,3811.15,-0.48
102,2021-03-02,344.0,-11.0,1124.5,-1.5,59.75,-0.8900000000000006,3901.82,2.38
103,2021-03-03,444.0,100.0,1122.5,-2.0,61.28,1.5300000000000011,3870.29,-0.81
104,2021-03-04,424.0,-20.0,1125.0,2.5,63.83,2.549999999999997,3819.72,-1.31
105,2021-03-05,398.0,-26.0,1129.0,4.0,66.09,2.260000000000005,3768.47,-1.34
106,2021-03-06,418.0,20.0,,,,,,
107,2021-03-07,416.0,-2.0,,,,,,
108,2021-03-08,346.0,-70.0,1138.0,9.0,65.05,-1.0400000000000063,3841.94,1.95
109,2021-03-09,446.0,100.0,1138.5,0.5,64.01,-1.039999999999992,3821.35,-0.54
110,2021-03-10,470.0,24.0,1142.0,3.5,64.44,0.4299999999999926,3875.44,1.42
111,2021-03-11,465.0,-5.0,1133.0,-9.0,66.02,1.5799999999999983,3898.81,0.6
112,2021-03-12,488.0,23.0,1136.5,3.5,65.61,-0.4099999999999966,3939.34,1.04
113,2021-03-13,490.0,2.0,,,,,,
114,2021-03-14,459.0,-31.0,,,,,,
115,2021-03-15,379.0,-80.0,1133.5,-3.0,65.39,-0.21999999999999886,3943.34,0.1
116,2021-03-16,363.0,-16.0,1130.5,-3.0,64.8,-0.5900000000000034,3968.94,0.65
117,2021-03-17,469.0,106.0,1129.5,-1.0,64.6,-0.20000000000000284,3962.71,-0.16
118,2021-03-18,445.0,-24.0,1125.0,-4.5,60.0,-4.599999999999994,3974.12,0.29
119,2021-03-19,463.0,18.0,1130.0,5.0,61.42,1.4200000000000017,3915.46,-1.48
120,2021-03-20,447.0,-16.0,,,,,,
121,2021-03-21,456.0,9.0,,,,,,
122,2021-03-22,415.0,-41.0,1128.0,-2.0,61.55,0.12999999999999545,3913.1,-0.06
123,2021-03-23,346.0,-69.0,1130.5,2.5,57.76,-3.789999999999999,3940.59,0.7
124,2021-03-24,428.0,82.0,1132.5,2.0,61.18,3.4200000000000017,3910.52,-0.76
125,2021-03-25,430.0,2.0,1134.5,2.0,58.56,-2.6199999999999974,3889.14,-0.55
126,2021-03-26,489.0,59.0,1131.5,-3.0,60.97,2.4099999999999966,3909.52,0.52
127,2021-03-27,505.0,16.0,,,,,,
128,2021-03-28,482.0,-23.0,,,,,,
129,2021-03-29,382.0,-100.0,1132.5,1.0,61.56,0.5900000000000034,3974.54,1.66
130,2021-03-30,447.0,65.0,1135.0,2.5,60.55,-1.0100000000000051,3971.09,-0.09
131,2021-03-31,506.0,59.0,1130.0,-5.0,59.16,-1.3900000000000006,3958.55,-0.32
132,2021-04-01,551.0,45.0,1131.5,1.5,61.45,2.2900000000000063,3972.89,0.36
133,2021-04-02,557.0,6.0,1129.0,-2.5,,,,
134,2021-04-03,543.0,-14.0,,,,,,
135,2021-04-04,543.0,0.0,,,,,,
136,2021-04-05,473.0,-70.0,1128.5,-0.5,58.65,-2.8000000000000043,4019.87,1.18
137,2021-04-06,477.0,4.0,1121.5,-7.0,59.33,0.6799999999999997,4077.91,1.44
138,2021-04-07,668.0,191.0,1118.5,-3.0,59.77,0.44000000000000483,4073.94,-0.1
139,2021-04-08,700.0,32.0,1117.5,-1.0,59.6,-0.1700000000000017,4079.95,0.15
140,2021-04-09,671.0,-29.0,1121.0,3.5,59.32,-0.28000000000000114,4097.17,0.42
141,2021-04-10,677.0,6.0,,,,,,
142,2021-04-11,614.0,-63.0,,,,,,
143,2021-04-12,587.0,-27.0,1125.0,4.0,59.7,0.38000000000000256,4128.8,0.77
144,2021-04-13,542.0,-45.0,1124.5,-0.5,60.18,0.4799999999999969,4127.99,-0.02
145,2021-04-14,731.0,189.0,1115.5,-9.0,63.15,2.969999999999999,4141.59,0.33
146,2021-04-15,698.0,-33.0,1116.5,1.0,63.46,0.3100000000000023,4124.66,-0.41
147,2021-04-16,673.0,-25.0,1117.0,0.5,63.13,-0.3299999999999983,4170.42,1.11
148,2021-04-17,658.0,-15.0,,,,,,
149,2021-04-18,671.0,13.0,,,,,,
150,2021-04-19,532.0,-139.0,1115.0,-2.0,63.38,0.25,4185.47,0.36
151,2021-04-20,549.0,17.0,1114.5,-0.5,62.44,-0.9400000000000048,4163.26,-0.53
152,2021-04-21,731.0,182.0,1119.0,4.5,61.35,-1.0899999999999963,4134.94,-0.68
153,2021-04-22,735.0,4.0,1117.5,-1.5,61.43,0.0799999999999983,4173.42,0.93
154,2021-04-23,797.0,62.0,1117.5,0.0,62.14,0.7100000000000009,4134.98,-0.92
155,2021-04-24,785.0,-12.0,,,,,,
156,2021-04-25,644.0,-141.0,,,,,,
157,2021-04-26,499.0,-145.0,1111.0,-6.5,61.91,-0.23000000000000398,4180.17,1.09
158,2021-04-27,512.0,13.0,1112.0,1.0,62.94,1.0300000000000011,4187.62,0.18
159,2021-04-28,769.0,257.0,1114.0,2.0,63.86,0.9200000000000017,4186.72,-0.02
160,2021-04-29,679.0,-90.0,1108.5,-5.5,65.01,1.1500000000000057,4183.18,-0.08
161,2021-04-30,661.0,-18.0,1117.5,9.0,63.58,-1.4300000000000068,4211.47,0.68
162,2021-05-01,627.0,-34.0,,,,,,
163,2021-05-02,606.0,-21.0,,,,,,
164,2021-05-03,488.0,-118.0,1123.0,5.5,64.49,0.9099999999999966,4181.17,-0.72
165,2021-05-04,541.0,53.0,1126.0,3.0,65.69,1.2000000000000028,4192.66,0.27
166,2021-05-05,676.0,135.0,,,65.63,-0.060000000000002274,4164.66,-0.67
167,2021-05-06,574.0,-102.0,1124.0,-2.0,64.71,-0.9200000000000017,4167.59,0.07
168,2021-05-07,525.0,-49.0,1120.5,-3.5,64.9,0.19000000000001194,4201.62,0.82
169,2021-05-08,701.0,176.0,,,,,,
170,2021-05-09,564.0,-137.0,,,,,,
171,2021-05-10,463.0,-101.0,1113.5,-7.0,64.92,0.01999999999999602,4232.6,0.74
172,2021-05-11,510.0,47.0,1119.0,5.5,65.28,0.35999999999999943,4188.43,-1.04
173,2021-05-12,634.0,124.0,1125.5,6.5,66.08,0.7999999999999972,4152.1,-0.87
174,2021-05-13,715.0,81.0,1133.5,8.0,63.82,-2.259999999999998,4063.04,-2.14
175,2021-05-14,747.0,32.0,1129.5,-4.0,65.37,1.5500000000000043,4112.5,1.22
176,2021-05-15,681.0,-66.0,,,,,,
177,2021-05-16,610.0,-71.0,,,,,,
178,2021-05-17,619.0,9.0,1138.0,8.5,66.27,0.8999999999999915,4173.85,1.49
179,2021-05-18,528.0,-91.0,1129.0,-9.0,65.49,-0.7800000000000011,4163.29,-0.25
180,2021-05-19,654.0,126.0,,,63.36,-2.1299999999999955,4127.83,-0.85
181,2021-05-20,646.0,-8.0,1132.5,3.5,62.05,-1.3100000000000023,4115.68,-0.29
182,2021-05-21,561.0,-85.0,1127.5,-5.0,63.58,1.5300000000000011,4159.12,1.06
183,2021-05-22,666.0,105.0,,,,,,
184,2021-05-23,585.0,-81.0,,,,,,
185,2021-05-24,530.0,-55.0,1126.5,-1.0,66.05,2.469999999999999,4155.86,-0.08
186,2021-05-25,516.0,-14.0,1123.0,-3.5,66.07,0.01999999999999602,4197.05,0.99
187,2021-05-26,705.0,189.0,1117.0,-6.0,66.21,0.14000000000000057,4188.13,-0.21
188,2021-05-27,629.0,-76.0,1117.0,0.0,66.85,0.6400000000000006,4195.99,0.19
189,2021-05-28,587.0,-42.0,1115.0,-2.0,66.32,-0.5300000000000011,4200.88,0.12
190,2021-05-29,533.0,-54.0,,,,,,
191,2021-05-30,480.0,-53.0,,,,,,
192,2021-05-31,430.0,-50.0,1108.5,-6.5,,,,
193,2021-06-01,459.0,29.0,1109.5,1.0,67.72,1.4000000000000057,4204.11,0.08
194,2021-06-02,677.0,218.0,1113.5,4.0,68.83,1.1099999999999994,4202.04,-0.05
195,2021-06-03,681.0,4.0,1114.5,1.0,68.81,-0.01999999999999602,4208.12,0.14
196,2021-06-04,695.0,14.0,1116.5,2.0,69.62,0.8100000000000023,4192.85,-0.36
197,2021-06-05,744.0,49.0,,,,,,
198,2021-06-06,556.0,-188.0,,,,,,
199,2021-06-07,485.0,-71.0,1112.5,-4.0,69.23,-0.39000000000000057,4229.89,0.88
200,2021-06-08,454.0,-31.0,1116.0,3.5,70.05,0.8199999999999932,4226.52,-0.08
201,2021-06-09,602.0,148.0,1113.5,-2.5,69.96,-0.09000000000000341,4227.26,0.02
202,2021-06-10,610.0,8.0,1116.0,2.5,70.29,0.3300000000000125,4219.55,-0.18
203,2021-06-11,556.0,-54.0,1116.5,0.5,70.91,0.6199999999999903,4239.18,0.47
204,2021-06-12,565.0,9.0,,,,,,
205,2021-06-13,452.0,-113.0,,,,,,
206,2021-06-14,399.0,-53.0,1119.0,2.5,70.88,-0.030000000000001137,4247.44,0.19
207,2021-06-15,373.0,-26.0,1118.0,-1.0,72.12,1.240000000000009,4255.15,0.18
208,2021-06-16,545.0,172.0,1118.5,0.5,72.15,0.030000000000001137,4246.59,-0.2
209,2021-06-17,540.0,-5.0,1134.0,15.5,71.04,-1.1099999999999994,4223.7,-0.54
210,2021-06-18,507.0,-33.0,1132.0,-2.0,71.64,0.5999999999999943,4221.86,-0.04
211,2021-06-19,482.0,-25.0,,,,,,
212,2021-06-20,429.0,-53.0,,,,,,
213,2021-06-21,357.0,-72.0,1133.0,1.0,73.66,2.019999999999996,4166.45,-1.31
214,2021-06-22,394.0,37.0,1135.0,2.0,73.06,-0.5999999999999943,4224.79,1.4
215,2021-06-23,645.0,251.0,1136.5,1.5,73.08,0.01999999999999602,4246.44,0.51
216,2021-06-24,610.0,-35.0,1133.0,-3.5,73.3,0.21999999999999886,4241.84,-0.11
217,2021-06-25,634.0,24.0,1128.5,-4.5,74.05,0.75,4266.49,0.58
218,2021-06-26,668.0,34.0,,,,,,
219,2021-06-27,614.0,-54.0,,,,,,
220,2021-06-28,501.0,-113.0,1131.5,3.0,72.91,-1.1400000000000006,4280.7,0.33
221,2021-06-29,595.0,94.0,1131.8,0.2999999999999545,72.98,0.07000000000000739,4290.61,0.23
222,2021-06-30,794.0,199.0,1128.5,-3.2999999999999545,73.47,0.4899999999999949,4291.8,0.03
223,2021-07-01,761.0,-33.0,1133.0,4.5,75.23,1.7600000000000051,4297.5,0.13
224,2021-07-02,825.0,64.0,1136.0,3.0,75.16,-0.07000000000000739,4319.94,0.52
225,2021-07-03,794.0,-31.0,,,,,,
226,2021-07-04,743.0,-51.0,,,,,,
227,2021-07-05,711.0,-32.0,1131.0,-5.0,,,,
228,2021-07-06,746.0,35.0,1134.0,3.0,73.37,-1.789999999999992,4352.34,0.75
229,2021-07-07,1211.0,465.0,1137.5,3.5,72.2,-1.1700000000000017,4343.54,-0.2
230,2021-07-08,1275.0,64.0,1149.5,12.0,72.94,0.7399999999999949,4358.13,0.34
231,2021-07-09,1316.0,41.0,1148.5,-1.0,74.56,1.6200000000000045,4320.82,-0.86
232,2021-07-10,1378.0,62.0,,,,,,
233,2021-07-11,1324.0,-54.0,,,,,,
234,2021-07-12,1100.0,-224.0,1148.0,-0.5,74.1,-0.46000000000000796,4369.55,1.13
235,2021-07-13,1150.0,50.0,1145.5,-2.5,75.25,1.1500000000000057,4384.63,0.35
236,2021-07-14,1613.0,463.0,1150.0,4.5,73.13,-2.1200000000000045,4369.21,-0.35
237,2021-07-15,1599.0,-14.0,1142.0,-8.0,71.65,-1.4799999999999898,4374.3,0.12
238,2021-07-16,1535.0,-64.0,1141.0,-1.0,71.81,0.1599999999999966,4360.03,-0.33
239,2021-07-17,1449.0,-86.0,,,,,,
240,2021-07-18,1453.0,4.0,,,,,,
241,2021-07-19,1251.0,-202.0,1152.0,11.0,66.42,-5.390000000000001,4327.16,-0.75
242,2021-07-20,1278.0,27.0,1149.0,-3.0,67.42,1.0,4258.63,-1.58
243,2021-07-21,1781.0,503.0,1154.5,5.5,70.3,2.8799999999999955,4323.21,1.52
244,2021-07-22,1841.0,60.0,1149.5,-5.0,71.91,1.6099999999999994,4358.69,0.82
245,2021-07-23,1629.0,-212.0,1151.5,2.0,72.07,0.1599999999999966,4367.48,0.2
246,2021-07-24,1627.0,-2.0,,,,,,
247,2021-07-25,1487.0,-140.0,,,,,,
248,2021-07-26,1318.0,-169.0,1155.0,3.5,71.91,-0.1599999999999966,4411.8,1.01
249,2021-07-27,1363.0,45.0,1154.0,-1.0,71.65,-0.2599999999999909,4422.23,0.24
250,2021-07-28,1895.0,532.0,1154.0,0.0,72.39,0.7399999999999949,4401.46,-0.47
251,2021-07-29,1673.0,-222.0,1146.5,-7.5,73.62,1.230000000000004,4400.65,-0.02
252,2021-07-30,1710.0,37.0,1152.0,5.5,73.95,0.3299999999999983,4419.15,0.42
253,2021-07-31,1538.0,-172.0,,,,,,
254,2021-08-01,1442.0,-96.0,,,,,,
255,2021-08-02,1218.0,-224.0,1151.0,-1.0,71.26,-2.6899999999999977,4395.26,-0.54
256,2021-08-03,1200.0,-18.0,1148.5,-2.5,70.56,-0.7000000000000028,4387.11,-0.19
257,2021-08-04,1725.0,525.0,1144.0,-4.5,68.15,-2.4099999999999966,4423.15,0.82
258,2021-08-05,1775.0,50.0,1143.5,-0.5,69.09,0.9399999999999977,4402.68,-0.46
259,2021-08-06,1704.0,-71.0,1146.0,2.5,68.28,-0.8100000000000023,4429.1,0.6
260,2021-08-07,1823.0,119.0,,,,,,
261,2021-08-08,1727.0,-96.0,,,,,,
262,2021-08-09,1491.0,-236.0,1146.0,0.0,66.48,-1.7999999999999972,4436.52,0.17
263,2021-08-10,1537.0,46.0,1151.0,5.0,68.29,1.8100000000000023,4432.35,-0.09
264,2021-08-11,2221.0,684.0,1157.0,6.0,69.25,0.9599999999999937,4436.75,0.1
265,2021-08-12,1987.0,-234.0,1163.5,6.5,69.09,-0.1599999999999966,4447.7,0.25
266,2021-08-13,1989.0,2.0,1169.0,5.5,68.44,-0.6500000000000057,4460.84,0.3
267,2021-08-14,1928.0,-61.0,,,,,,
268,2021-08-15,1816.0,-112.0,,,,,,
269,2021-08-16,1554.0,-262.0,,,67.29,-1.1499999999999915,4468.0,0.16
270,2021-08-17,1372.0,-182.0,1174.5,5.5,66.59,-0.7000000000000028,4479.66,0.26
271,2021-08-18,1803.0,431.0,1170.5,-4.0,65.46,-1.1300000000000097,4448.08,-0.7
272,2021-08-19,2152.0,349.0,1177.0,6.5,63.69,-1.769999999999996,4400.27,-1.07
273,2021-08-20,2050.0,-102.0,1183.5,6.5,62.32,-1.3699999999999974,4405.8,0.13
274,2021-08-21,1876.0,-174.0,,,,,,
275,2021-08-22,1626.0,-250.0,,,,,,
276,2021-08-23,1417.0,-209.0,1172.0,-11.5,65.64,3.3200000000000003,4441.67,0.81
277,2021-08-24,1507.0,90.0,1167.5,-4.5,67.54,1.9000000000000057,4479.54,0.85
278,2021-08-25,2154.0,647.0,1167.5,0.0,68.36,0.8199999999999932,4486.23,0.15
279,2021-08-26,1882.0,-272.0,1170.5,3.0,67.42,-0.9399999999999977,4496.19,0.22
280,2021-08-27,1837.0,-45.0,1170.0,-0.5,68.74,1.3199999999999932,4469.91,-0.58
281,2021-08-28,1791.0,-46.0,,,,,,
282,2021-08-29,1619.0,-172.0,,,,,,
283,2021-08-30,1485.0,-134.0,1165.0,-5.0,69.21,0.46999999999999886,4509.37,0.88
284,2021-08-31,1369.0,-116.0,1157.5,-7.5,68.5,-0.7099999999999937,4528.79,0.43
285,2021-09-01,2024.0,655.0,1159.5,2.0,68.59,0.09000000000000341,4522.68,-0.13
286,2021-09-02,1960.0,-64.0,1159.0,-0.5,69.99,1.3999999999999915,4524.09,0.03
287,2021-09-03,1708.0,-252.0,1157.0,-2.0,69.29,-0.6999999999999886,4536.95,0.28
288,2021-09-04,1803.0,95.0,,,,,,
289,2021-09-05,1490.0,-313.0,,,,,,
290,2021-09-06,1375.0,-115.0,1157.0,0.0,,,,
291,2021-09-07,1597.0,222.0,1162.0,5.0,68.35,-0.9400000000000119,4535.43,-0.03
292,2021-09-08,2048.0,451.0,1167.0,5.0,69.3,0.9500000000000028,4520.03,-0.34
293,2021-09-09,2049.0,1.0,1170.0,3.0,68.14,-1.1599999999999966,4514.07,-0.13
294,2021-09-10,1892.0,-157.0,1170.0,0.0,69.72,1.5799999999999983,4493.28,-0.46
295,2021-09-11,1864.0,-28.0,,,,,,
296,2021-09-12,1755.0,-109.0,,,,,,
297,2021-09-13,1433.0,-322.0,1175.0,5.0,70.45,0.730000000000004,4458.58,-0.77
298,2021-09-14,1495.0,62.0,1171.5,-3.5,70.46,0.009999999999990905,4468.73,0.23
299,2021-09-15,2078.0,583.0,1168.0,-3.5,72.61,2.1500000000000057,4443.05,-0.57
300,2021-09-16,1942.0,-136.0,1173.5,5.5,72.61,0.0,4480.7,0.85
301,2021-09-17,2008.0,66.0,1184.0,10.5,71.97,-0.6400000000000006,4473.76,-0.15
302,2021-09-18,2087.0,79.0,,,,,,
303,2021-09-19,1909.0,-178.0,,,,,,
304,2021-09-20,1603.0,-306.0,,,70.29,-1.6799999999999926,4432.99,-0.91
305,2021-09-21,1729.0,126.0,,,70.56,0.269999999999996,4357.73,-1.7
306,2021-09-22,1720.0,-9.0,,,72.23,1.6700000000000017,4354.18,-0.08
307,2021-09-23,1715.0,-5.0,1174.0,-10.0,73.3,1.0699999999999932,4395.64,0.95
308,2021-09-24,2429.0,714.0,1178.0,4.0,73.98,0.6800000000000068,4448.98,1.21
309,2021-09-25,3268.0,839.0,,,,,,
310,2021-09-26,2768.0,-500.0,,,,,,
311,2021-09-27,2381.0,-387.0,1181.0,3.0,75.45,1.4699999999999989,4455.48,0.15
312,2021-09-28,2288.0,-93.0,1187.0,6.0,75.29,-0.1599999999999966,4443.11,-0.28
313,2021-09-29,2881.0,593.0,1185.0,-2.0,74.83,-0.46000000000000796,4352.63,-2.04
314,2021-09-30,2561.0,-320.0,1186.0,1.0,75.03,0.20000000000000284,4359.46,0.16
315,2021-10-01,2483.0,-78.0,1187.0,1.0,75.88,0.8499999999999943,4307.54,-1.19
316,2021-10-02,2247.0,-236.0,,,,,,
317,2021-10-03,2085.0,-162.0,,,,,,
318,2021-10-04,1670.0,-415.0,,,77.62,1.740000000000009,4357.05,1.15
319,2021-10-05,1574.0,-96.0,1187.5,0.5,78.93,1.3100000000000023,4300.46,-1.3
320,2021-10-06,2027.0,453.0,1196.5,9.0,77.43,-1.5,4345.72,1.05
321,2021-10-07,2425.0,398.0,1190.5,-6.0,78.3,0.8699999999999903,4363.55,0.41
322,2021-10-08,2171.0,-254.0,1196.0,5.5,79.35,1.0499999999999972,4399.76,0.83
323,2021-10-09,1953.0,-218.0,,,,,,
324,2021-10-10,1594.0,-359.0,,,,,,
325,2021-10-11,1297.0,-297.0,,,80.52,1.1700000000000017,4391.36,-0.19
326,2021-10-12,1346.0,49.0,1196.5,0.5,80.64,0.12000000000000455,4361.19,-0.69
327,2021-10-13,1583.0,237.0,1192.5,-4.0,80.44,-0.20000000000000284,4350.64,-0.24
328,2021-10-14,1939.0,356.0,1186.5,-6.0,81.31,0.8700000000000045,4363.8,0.3
329,2021-10-15,1683.0,-256.0,1183.5,-3.0,82.28,0.9699999999999989,4438.23,1.71
330,2021-10-16,1617.0,-66.0,,,,,,
331,2021-10-17,1420.0,-197.0,,,,,,
332,2021-10-18,1049.0,-371.0,1187.5,4.0,82.44,0.1599999999999966,4471.37,0.75
333,2021-10-19,1073.0,24.0,1178.5,-9.0,82.96,0.519999999999996,4486.48,0.34
334,2021-10-20,1571.0,498.0,1175.0,-3.5,83.87,0.9100000000000108,4519.63,0.74
335,2021-10-21,1441.0,-130.0,1177.5,2.5,82.5,-1.3700000000000045,4536.19,0.37
336,2021-10-22,1437.0,-4.0,1176.0,-1.5,83.76,1.2600000000000051,4549.78,0.3
337,2021-10-23,1508.0,71.0,,,,,,
338,2021-10-24,1422.0,-86.0,,,,,,
339,2021-10-25,1190.0,-232.0,1171.0,-5.0,83.76,0.0,4544.9,-0.11
340,2021-10-26,1265.0,75.0,1167.0,-4.0,84.65,0.8900000000000006,4566.48,0.47
341,2021-10-27,1952.0,687.0,1173.5,6.5,82.66,-1.990000000000009,4574.79,0.18
342,2021-10-28,2110.0,158.0,1170.5,-3.0,82.81,0.15000000000000568,4551.68,-0.51
343,2021-10-29,2124.0,14.0,1174.0,3.5,83.57,0.7599999999999909,4596.42,0.98
344,2021-10-30,2104.0,-20.0,,,,,,
345,2021-10-31,2061.0,-43.0,,,,,,
346,2021-11-01,1684.0,-377.0,1178.5,4.5,84.05,0.480000000000004,4605.38,0.19
347,2021-11-02,1589.0,-95.0,1176.5,-2.0,83.91,-0.14000000000000057,4613.67,0.18
348,2021-11-03,2667.0,1078.0,1182.0,5.5,80.86,-3.049999999999997,4630.65,0.37
349,2021-11-04,2482.0,-185.0,1185.5,3.5,78.81,-2.049999999999997,4660.57,0.65
350,2021-11-05,2342.0,-140.0,1186.5,1.0,81.27,2.4599999999999937,4680.06,0.42
351,2021-11-06,2246.0,-96.0,,,,,,
352,2021-11-07,2224.0,-22.0,,,,,,
353,2021-11-08,1758.0,-466.0,1184.0,-2.5,81.93,0.6600000000000108,4697.53,0.37
354,2021-11-09,1715.0,-43.0,1176.0,-8.0,84.15,2.219999999999999,4701.7,0.09
355,2021-11-10,2425.0,710.0,1179.0,3.0,81.34,-2.8100000000000023,4685.25,-0.35
356,2021-11-11,2519.0,94.0,1183.0,4.0,81.59,0.25,4646.71,-0.82
357,2021-11-12,2368.0,-151.0,1179.5,-3.5,80.79,-0.7999999999999972,4649.27,0.06
358,2021-11-13,2324.0,-44.0,,,,,,
359,2021-11-14,2418.0,94.0,,,,,,
360,2021-11-15,2005.0,-413.0,1179.5,0.0,80.88,0.0899999999999892,4682.85,0.72
361,2021-11-16,2124.0,119.0,1181.5,2.0,80.76,-0.11999999999999034,4682.81,0.0
362,2021-11-17,3187.0,1063.0,1181.5,0.0,78.36,-2.4000000000000057,4700.9,0.39
363,2021-11-18,3292.0,105.0,1182.5,1.0,79.01,0.6500000000000057,4688.67,-0.26
364,2021-11-19,3033.0,-259.0,1190.0,7.5,76.1,-2.910000000000011,4706.64,0.38
365,2021-11-20,3205.0,172.0,,,,,,
366,2021-11-21,3120.0,-85.0,,,,,,
367,2021-11-22,2826.0,-294.0,1187.0,-3.0,76.75,0.6500000000000057,4697.96,-0.18
368,2021-11-23,2698.0,-128.0,1189.0,2.0,78.5,1.75,4682.95,-0.32
369,2021-11-24,4115.0,1417.0,1187.5,-1.5,78.39,-0.10999999999999943,4690.7,0.17
370,2021-11-25,3937.0,-178.0,1190.5,3.0,,,,
371,2021-11-26,3896.0,-41.0,1196.0,5.5,68.15,-10.239999999999995,4701.46,0.23
372,2021-11-27,4067.0,171.0,,,,,,
373,2021-11-28,3925.0,-142.0,,,,,,
374,2021-11-29,3308.0,-617.0,1192.0,-4.0,69.95,1.7999999999999972,4594.62,-2.27
375,2021-11-30,3032.0,-276.0,1190.0,-2.0,66.18,-3.769999999999996,4655.27,1.32
376,2021-12-01,5122.0,2090.0,1180.5,-9.5,65.57,-0.6100000000000136,4567.0,-1.9
377,2021-12-02,5263.0,141.0,1177.0,-3.5,66.5,0.9300000000000068,4513.04,-1.18
378,2021-12-03,4944.0,-319.0,1183.0,6.0,66.26,-0.23999999999999488,4577.1,1.42
379,2021-12-04,5352.0,408.0,,,,,,
380,2021-12-05,5126.0,-226.0,,,,,,
381,2021-12-06,4324.0,-802.0,1182.0,-1.0,69.49,3.2299999999999898,4538.43,-0.84
382,2021-12-07,4954.0,630.0,1179.0,-3.0,72.05,2.5600000000000023,4591.67,1.17
383,2021-12-08,7174.0,2220.0,1177.0,-2.0,72.36,0.3100000000000023,4686.75,2.07
384,2021-12-09,7102.0,-72.0,1176.5,-0.5,70.94,-1.4200000000000017,4701.21,0.31
385,2021-12-10,7022.0,-80.0,1182.0,5.5,71.67,0.730000000000004,4667.45,-0.72
386,2021-12-11,6977.0,-45.0,,,,,,
387,2020-11-19,,,,,,,3567.79,-1.16
388,2020-11-18,,,,,,,3609.53,-0.48
389,2020-11-17,,,,,,,3626.91,1.16
390,2020-11-16,,,,,,,3585.15,1.36
391,2020-11-13,,,,,,,3537.01,-1.0
392,2020-11-12,,,,,,,3572.66,0.77
393,2020-11-11,,,,,,,3545.53,-0.14
394,2020-11-10,,,,,,,3550.5,1.17
395,2020-11-09,,,,,,,3509.44,-0.03
396,2020-11-06,,,,,,,3510.45,1.95
397,2020-11-05,,,,,,,3443.44,2.2
398,2020-11-04,,,,,,,3369.16,1.78
399,2020-11-03,,,,,,,3310.24,1.23
400,2020-11-02,,,,,,,3269.96,-1.21
401,2020-10-30,,,,,,,3310.11,1.19
402,2020-10-29,,,,,,,3271.03,-3.53
403,2020-10-28,,,,,,,3390.68,-0.3
404,2020-10-27,,,,,,,3400.97,-1.86
405,2020-10-26,,,,,,,3465.39,0.34
406,2020-10-23,,,,,,,3453.49,0.52
407,2020-10-22,,,,,,,3435.56,-0.22
408,2020-10-21,,,,,,,3443.12,0.47
409,2020-10-20,,,,,,,3426.92,-1.63
